{"data": [{"name": "origin", "poly": [[-0.488694, 0.455146], [-0.474392, 0.473786], [-0.455752, 0.488088], [-0.434046, 0.497079], [-0.410752, 0.500146], [0.409248, 0.500146], [0.432542, 0.497079], [0.44126678281717896, 0.4934650443052955], [0.452267, 0.491221], [0.472535, 0.478211], [0.489939, 0.457516], [0.498932, 0.430545], [0.502966, 0.399137], [0.505829, 0.365432], [0.505829, -0.302856], [0.503919, -0.310003], [0.499306, -0.312963], [0.499248, -0.312963], [0.499248, -0.409854], [0.496181, -0.433148], [0.48719, -0.454854], [0.472888, -0.473493], [0.454248, -0.487796], [0.432542, -0.496787], [0.409248, -0.499854], [-0.410752, -0.499854], [-0.434046, -0.496787], [-0.455752, -0.487796], [-0.474392, -0.473493], [-0.488694, -0.454854], [-0.497685, -0.433148], [-0.500752, -0.409854], [-0.500752, 0.410146], [-0.497685, 0.43344], [-0.488694, 0.455146]], "forward": 0, "priors": []}, {"name": "bed", "poly": [[-1.001659, -0.484609], [-1.001659, 0.487646], [-0.997998, 0.496485], [-0.989159, 0.500146], [-0.014159, 0.500146], [-0.00532, 0.496485], [-0.0019685940637050423, 0.48839347389486176], [-0.000117, 0.492697], [0.007309, 0.495658], [0.775954, 0.495658], [0.783379, 0.492697], [0.786455, 0.48555], [0.786455, -0.302856], [0.783379, -0.310003], [0.775953, -0.312963], [0.010576, -0.312963], [0.00315, -0.310003], [0.0022557847027200755, -0.30899528055350683], [0.001246, -0.308691], [-0.001659, -0.3048715599369085], [-0.001659, -0.487354], [-0.00532, -0.496193], [-0.014159, -0.499854], [-0.989159, -0.499854], [-0.997998, -0.496193], [-1.001659, -0.487354], [-1.001659, -0.484609]], "forward": 0, "priors": [{"gtrans": [], "wall": [{"nearestDistance": 0.51278, "secondDistance": 0.98896, "nearestOrient0": 0.02027}], "window": [], "door": []}, {"gtrans": [{"attachedObjId": "sofa2teapoy", "objPosX": -0.52612, "objPosY": 0.0, "objPosZ": 2.1171, "objOriY": 1.5741, "objScaleX": 1.0, "objScaleY": 1.0, "objScaleZ": 1.0, "currentState": "origin"}], "wall": [{"nearestDistance": 0.46377, "secondDistance": 1.0363, "nearestOrient0": -0.00385}], "window": [], "door": []}]}], "relation": [[0, -2], [-2, 0]]}