{"data": [{"name": "origin", "poly": [[-1.394713, -0.286215], [-1.394232, 0.412155], [-1.393848, 0.428534], [-1.393415, 0.431203], [-1.393343, 0.43143], [-1.392534, 0.431924], [-1.389017, 0.432743], [-1.385412, 0.433072], [-1.380707, 0.433449], [-1.37455, 0.433706], [-1.3654, 0.433988], [-1.3176760978333129, 0.4344724329959552], [-1.317654, 0.434473], [-0.405407, 0.434538], [0.403606, 0.43453], [1.318185, 0.434473], [1.318207269277725, 0.4344724285176336], [1.356844, 0.434157], [1.365931, 0.433988], [1.375081, 0.433706], [1.381237, 0.433449], [1.385942, 0.433072], [1.389548, 0.432743], [1.393065, 0.431924], [1.393873, 0.43143], [1.393945, 0.431203], [1.394379, 0.428534], [1.394762, 0.412155], [1.394762, -0.412468], [1.394379, -0.428848], [1.393945, -0.431517], [1.393873, -0.431744], [1.393065, -0.432237], [1.389548, -0.433057], [1.385942, -0.433386], [1.381237, -0.433763], [1.375081, -0.434019], [1.365931, -0.434302], [1.26748, -0.434912], [0.7720546214308153, -0.43476275905729034], [-0.000531, -0.434914], [-0.7710230396101102, -0.4347624312461419], [-1.266949, -0.434912], [-1.356314, -0.43447], [-1.3654, -0.434302], [-1.37455, -0.434019], [-1.380707, -0.433763], [-1.385412, -0.433386], [-1.389018, -0.433057], [-1.392534, -0.432238], [-1.393343, -0.431744], [-1.393415, -0.431517], [-1.393848, -0.428848], [-1.394232, -0.412468], [-1.394713, -0.286215]], "forward": 0, "priors": [{"gtrans": [{"attachedObjId": "table2shelf", "objPosX": 1.78368, "objPosY": 0.0, "objPosZ": 0.08873, "objOriY": 0.0, "objScaleX": 1.0, "objScaleY": 1.0, "objScaleZ": 1.0, "currentState": "shelf"}], "wall": [{"nearestDistance": 0.46875, "secondDistance": 1.41775, "nearestOrient0": -3.14159}], "window": [], "door": [{"distance": 2.63583, "objPosX": 2.58225, "objPosY": 1.1, "objPosZ": 0.52875, "width": 0.8, "height": 2.2, "objOriY": 0.0}, {"distance": 2.63583, "objPosX": 2.58225, "objPosY": 1.1, "objPosZ": 0.52875, "width": 0.8, "height": 2.2, "objOriY": 0.0}]}]}, {"name": "deskandchair", "poly": [[-1.879637, -0.286215], [-1.879155, 0.412155], [-1.878772, 0.428534], [-1.878339, 0.431203], [-1.878267, 0.43143], [-1.877458, 0.431924], [-1.873941, 0.432743], [-1.870335, 0.433072], [-1.865631, 0.433449], [-1.859474, 0.433706], [-1.850324, 0.433988], [-1.8026000978333108, 0.4344724329959552], [-1.802578, 0.434473], [-0.938094, 0.434472], [-0.9333587334958426, 0.4343513022453473], [-0.405407, 0.434538], [0.403606, 0.43453], [0.9572583520954903, 0.43432895827767815], [0.962871, 0.434472], [1.827355, 0.434473], [1.8273772692777244, 0.4344724285176336], [1.866014, 0.434157], [1.875101, 0.433988], [1.884251, 0.433706], [1.890407, 0.433449], [1.895112, 0.433072], [1.898718, 0.432743], [1.902235, 0.431924], [1.903044, 0.43143], [1.903115, 0.431203], [1.903549, 0.428534], [1.903932, 0.412155], [1.903932, -0.412468], [1.903549, -0.428848], [1.903115, -0.431517], [1.903044, -0.431744], [1.902235, -0.432237], [1.898718, -0.433057], [1.895112, -0.433386], [1.890407, -0.433763], [1.884251, -0.434019], [1.875101, -0.434302], [1.77665, -0.434912], [1.0708172651802756, -0.4344830123127672], [-0.000531, -0.434914], [-1.0543908844422523, -0.43451551316752385], [-1.751873, -0.434912], [-1.841238, -0.43447], [-1.850324, -0.434302], [-1.859474, -0.434019], [-1.865631, -0.433763], [-1.870335, -0.433386], [-1.873941, -0.433057], [-1.877458, -0.432238], [-1.878267, -0.431744], [-1.878339, -0.431517], [-1.878772, -0.428848], [-1.879155, -0.412468], [-1.879637, -0.286215]], "forward": 0, "priors": [{"gtrans": [], "wall": [{"nearestDistance": 0.26447, "secondDistance": 1.10768, "nearestOrient0": -3.14159}], "window": [], "door": []}]}], "relation": [[0, -2], [-2, 0]]}