{"data": [{"name": "origin", "poly": [[-1.045523, -0.545071], [-1.0456370863251263, -0.5403142703768012], [-1.046167, -0.53983], [-1.047715, -0.535044], [-1.04877, -0.525983], [-1.049396, -0.511941], [-1.049604, -0.495054], [-1.049396, -0.478166], [-1.04877, -0.464124], [-1.047715, -0.455063], [-1.0472085952067596, -0.45349733246741], [-1.047066, 0.521178], [-1.046785, 0.529017], [-1.046434, 0.534157], [-1.0460402540741496, 0.5385324780516165], [-1.045522, 0.560141], [-1.043657, 0.58269], [-1.041298, 0.587267], [-1.033038, 0.588574], [-0.992345, 0.589608], [1.002175, 0.589607], [1.042868, 0.588573], [1.051129, 0.587266], [1.053487, 0.582689], [1.055353, 0.56014], [1.0555922869448797, 0.550162968543214], [1.056766, 0.549057], [1.057569, 0.546311], [1.058095, 0.542877], [1.058571, 0.538801], [1.058988, 0.534156], [1.05934, 0.529016], [1.059621, 0.521177], [1.059837, -0.389056], [1.059621, -0.410892], [1.05934, -0.41873], [1.058988, -0.42387], [1.058571, -0.428515], [1.058095, -0.432591], [1.057569, -0.436026], [1.0571780777757727, -0.43736234060461304], [1.0570379998020678, -0.4534861971898492], [1.057548, -0.455064], [1.058604, -0.464125], [1.059229, -0.478167], [1.059438, -0.495055], [1.059229, -0.511943], [1.058604, -0.525984], [1.057548, -0.535045], [1.056001, -0.539831], [1.0554659799489643, -0.5403197056379136], [1.055352, -0.545072], [1.0549257508809202, -0.5502256146842526], [1.055612, -0.550402], [1.057287, -0.551876], [1.058448, -0.55469], [1.05914, -0.559067], [1.05937, -0.564336], [1.05914, -0.569605], [1.058448, -0.573981], [1.057287, -0.576796], [1.055612, -0.578269], [1.053371, -0.578846], [1.050513, -0.578969], [0.004915, -0.579093], [-1.040684, -0.578969], [-1.043542, -0.578846], [-1.045782, -0.578269], [-1.047457, -0.576796], [-1.048618, -0.573981], [-1.04931, -0.569605], [-1.049541, -0.564336], [-1.04931, -0.559067], [-1.048618, -0.55469], [-1.047457, -0.551876], [-1.045782, -0.550402], [-1.0450964316068432, -0.5502257109846168], [-1.045523, -0.545071]], "forward": 0, "priors": [{"gtrans": [{"attachedObjId": "teapoy2chair", "objPosX": -0.25324, "objPosY": -0.0, "objPosZ": 1.4083, "objOriY": 1.59658, "objScaleX": 1.46083, "objScaleY": 1.0, "objScaleZ": 1.36171, "currentState": "origin"}], "wall": [], "window": [], "door": []}, {"gtrans": [{"attachedObjId": "teapoy2chair", "objPosX": 0.59778, "objPosY": 0.00573, "objPosZ": 0.85598, "objOriY": -1.57112, "objScaleX": 1.0, "objScaleY": 1.0, "objScaleZ": 1.0, "currentState": "origin"}], "wall": [{"nearestDistance": 0.47184, "secondDistance": 0.89553, "nearestOrient0": 0.0}], "window": [], "door": []}, {"gtrans": [{"attachedObjId": "teapoy2table", "objPosX": 0.08405, "objPosY": 0.0, "objPosZ": 1.29456, "objOriY": 1.57179, "objScaleX": 1.0, "objScaleY": 1.0, "objScaleZ": 1.0, "currentState": "origin"}, {"attachedObjId": "nightstand2stool", "objPosX": 1.52082, "objPosY": 0.0, "objPosZ": -0.17895, "objOriY": 3.13471, "objScaleX": 1.0, "objScaleY": 1.0, "objScaleZ": 1.0, "currentState": "origin"}, {"attachedObjId": "nightstand2stool", "objPosX": -1.57354, "objPosY": 0.0, "objPosZ": -0.12412, "objOriY": 3.13471, "objScaleX": 1.0, "objScaleY": 1.0, "objScaleZ": 1.0, "currentState": "origin"}, {"attachedObjId": "sofa2bed", "objPosX": -1.5492, "objPosY": 0.0007, "objPosZ": 1.13106, "objOriY": 1.55223, "objScaleX": 1.0, "objScaleY": 1.0, "objScaleZ": 1.0, "currentState": "origin"}], "wall": [{"nearestDistance": 0.55619, "secondDistance": 1.99383, "nearestOrient0": 0.00688}], "window": [], "door": []}, {"gtrans": [{"attachedObjId": "coffeetable2diningtable", "objPosX": 0.00688, "objPosY": 0.0, "objPosZ": 0.86356, "objOriY": -0.01271, "objScaleX": 0.6, "objScaleY": 1.0, "objScaleZ": 0.5, "currentState": "origin"}], "wall": [{"nearestDistance": 1.24292, "secondDistance": 1.75708, "nearestOrient0": 1.57021}], "window": [], "door": []}, {"gtrans": [{"attachedObjId": "coffeetable2diningtable", "objPosX": 0.08228, "objPosY": 0.0, "objPosZ": 0.76264, "objOriY": -3.13222, "objScaleX": 0.7, "objScaleY": 1.0, "objScaleZ": 0.5, "currentState": "origin"}, {"attachedObjId": "sofa2bed", "objPosX": 1.38117, "objPosY": 0.0, "objPosZ": 0.74705, "objOriY": -1.56294, "objScaleX": 1.0, "objScaleY": 1.0, "objScaleZ": 1.0, "currentState": "origin"}, {"attachedObjId": "desk2shelf_3", "objPosX": 1.64132, "objPosY": 0.0, "objPosZ": -0.08909, "objOriY": -3.13222, "objScaleX": 1.0, "objScaleY": 1.0, "objScaleZ": 1.0, "currentState": "shelf"}], "wall": [{"nearestDistance": 0.42348, "secondDistance": 0.85858, "nearestOrient0": -0.00937}], "window": [{"distance": 1.41517, "objPosX": 0.91858, "objPosY": 1.5, "objPosZ": -1.07652, "width": 1.0, "height": 1.4, "objOriY": -1.56142}], "door": []}, {"gtrans": [{"attachedObjId": "teapoy2table", "objPosX": 0.16577, "objPosY": -0.0, "objPosZ": 1.28729, "objOriY": 1.57475, "objScaleX": 1.0, "objScaleY": 1.0, "objScaleZ": 1.0, "currentState": "origin"}, {"attachedObjId": "nightstand2chair", "objPosX": 1.3749, "objPosY": 0.0, "objPosZ": -0.22625, "objOriY": 3.12975, "objScaleX": 1.0, "objScaleY": 1.0, "objScaleZ": 1.0, "currentState": "origin"}, {"attachedObjId": "nightstand2chair", "objPosX": -1.38475, "objPosY": -0.0, "objPosZ": -0.23152, "objOriY": 0.00327, "objScaleX": 1.0, "objScaleY": 1.0, "objScaleZ": 1.0, "currentState": "origin"}, {"attachedObjId": "sofa2bed", "objPosX": -1.21326, "objPosY": 0.0, "objPosZ": 1.12746, "objOriY": 1.57475, "objScaleX": 1.0, "objScaleY": 1.0, "objScaleZ": 1.0, "currentState": "origin"}, {"attachedObjId": "sofa2bed", "objPosX": -1.20404, "objPosY": 0.0, "objPosZ": 2.0422, "objOriY": 1.57475, "objScaleX": 1.0, "objScaleY": 1.0, "objScaleZ": 1.0, "currentState": "origin"}], "wall": [{"nearestDistance": 0.47343, "secondDistance": 1.75328, "nearestOrient0": -0.00395}], "window": [{"distance": 1.97257, "objPosX": -0.77657, "objPosY": 1.5, "objPosZ": -1.81328, "width": 1.0, "height": 1.4, "objOriY": 1.57475}, {"distance": 3.74485, "objPosX": -3.27657, "objPosY": 1.5, "objPosZ": -1.81328, "width": 1.0, "height": 1.4, "objOriY": 1.57475}], "door": []}, {"gtrans": [{"attachedObjId": "teapoy2table", "objPosX": 0.17078, "objPosY": 0.0, "objPosZ": 1.17989, "objOriY": 1.57438, "objScaleX": 1.0, "objScaleY": 1.0, "objScaleZ": 1.0, "currentState": "origin"}, {"attachedObjId": "sofa2bed", "objPosX": -1.28834, "objPosY": 0.0, "objPosZ": 1.0008, "objOriY": 1.57438, "objScaleX": 1.0, "objScaleY": 1.0, "objScaleZ": 1.0, "currentState": "origin"}, {"attachedObjId": "nightstand2chair", "objPosX": -1.38194, "objPosY": 0.0, "objPosZ": 0.08055, "objOriY": 0.0123, "objScaleX": 1.0, "objScaleY": 1.0, "objScaleZ": 1.0, "currentState": "origin"}], "wall": [{"nearestDistance": 0.51752, "secondDistance": 1.69802, "nearestOrient0": -0.00359}], "window": [{"distance": 0.81356, "objPosX": 0.57752, "objPosY": 1.5, "objPosZ": -0.57302, "width": 1.0, "height": 1.4, "objOriY": 3.14518}, {"distance": 1.77364, "objPosX": 0.57752, "objPosY": 1.5, "objPosZ": 1.67698, "width": 1.0, "height": 1.4, "objOriY": 3.14518}, {"distance": 4.53694, "objPosX": -4.18248, "objPosY": 1.5, "objPosZ": -1.75802, "width": 1.0, "height": 1.4, "objOriY": 1.57438}], "door": []}, {"gtrans": [{"attachedObjId": "teapoy2table", "objPosX": -0.31514, "objPosY": 0.0, "objPosZ": 0.76353, "objOriY": -1.56859, "objScaleX": 0.8, "objScaleY": 0.8, "objScaleZ": 0.8, "currentState": "origin"}, {"attachedObjId": "sofa2bed", "objPosX": 0.982, "objPosY": 0.0, "objPosZ": 0.93534, "objOriY": -1.56859, "objScaleX": 0.8, "objScaleY": 0.8, "objScaleZ": 0.8, "currentState": "origin"}], "wall": [{"nearestDistance": 1.32959, "secondDistance": 1.67041, "nearestOrient0": 1.56859}], "window": [], "door": []}, {"gtrans": [{"attachedObjId": "teapoy2table", "objPosX": -0.31514, "objPosY": 0.0, "objPosZ": 0.76353, "objOriY": -1.56859, "objScaleX": 0.8, "objScaleY": 0.8, "objScaleZ": 0.8, "currentState": "origin"}, {"attachedObjId": "sofa2bed", "objPosX": 0.982, "objPosY": 0.0, "objPosZ": 0.93534, "objOriY": -1.56859, "objScaleX": 0.8,