{"data": [{"name": "origin", "poly": [[-0.801226, -0.393957], [-0.801226, -0.3562096537489469], [-0.801253, -0.356108], [-0.801253, -0.355749], [-0.801226, -0.3556485417721519], [-0.801226, 0.35651730075821403], [-0.801253, 0.356619], [-0.801253, 0.356975], [-0.801226, 0.3570753962900506], [-0.801226, 0.39321], [-0.80071, 0.39722], [-0.799293, 0.400169], [-0.797365, 0.401242], [-0.403839, 0.401242], [-0.401911, 0.400169], [-0.400494, 0.39722], [-0.39997995454545454, 0.39322419318181817], [-0.398916, 0.39722], [-0.395979, 0.400169], [-0.391985, 0.401242], [0.391962, 0.401242], [0.395957, 0.400169], [0.398893, 0.39722], [0.39994041766561517, 0.3932899791798107], [0.400446, 0.39722], [0.401863, 0.400169], [0.403791, 0.401242], [0.797316, 0.401242], [0.799244, 0.400169], [0.800661, 0.39722], [0.801177, 0.39321], [0.801177047953565, 0.3554625360400265], [0.801204, 0.355361], [0.801205, 0.355357], [0.801204, 0.355002], [0.801177048666039, 0.35490170009892985], [0.8011779533874036, -0.3572651023997214], [0.801205, -0.357367], [0.801205, -0.357723], [0.801177954096836, -0.3578235441712056], [0.801178, -0.393957], [0.800662, -0.397968], [0.799245, -0.400916], [0.797317, -0.401989], [0.403791, -0.40199], [0.401864, -0.400917], [0.400446, -0.397968], [0.3999410789141414, -0.3940354981060606], [0.398893, -0.397968], [0.395957, -0.400917], [0.391962, -0.40199], [-0.391985, -0.40199], [-0.395979, -0.400917], [-0.398916, -0.397968], [-0.39998062878787877, -0.3939696609848486], [-0.400495, -0.397968], [-0.401912, -0.400917], [-0.40384, -0.40199], [-0.797365, -0.401989], [-0.799293, -0.400916], [-0.80071, -0.397968], [-0.801226, -0.393957]], "forward": 0, "priors": [{"gtrans": [{"attachedObjId": "sofa2bed", "objPosX": -0.40044, "objPosY": 0.0, "objPosZ": -1.065, "objOriY": 0.0, "objScaleX": 1.0, "objScaleY": 1.0, "objScaleZ": 1.0, "currentState": "origin"}, {"attachedObjId": "nightstand2stool", "objPosX": 0.35551, "objPosY": 0.0, "objPosZ": -1.13015, "objOriY": 0.0, "objScaleX": 1.0, "objScaleY": 1.0, "objScaleZ": 1.0, "currentState": "origin"}], "wall": [{"nearestDistance": 0.87301, "secondDistance": 1.47675, "nearestOrient0": -1.5708}], "window": [], "door": []}]}, {"name": "tvset", "poly": [[-0.424449, 0.393209], [-0.424449, 0.39321], [-0.423913, 0.39722], [-0.422437, 0.400169], [-0.420431, 0.401242], [-0.404337, 0.401242], [-0.402331, 0.400169], [-0.400856, 0.39722], [-0.400319, 0.39321], [-0.400319, 0.3641925128376288], [-0.399975, 0.3642000765699028], [-0.399975, 0.393209], [-0.398906, 0.39722], [-0.39597, 0.400169], [-0.391976, 0.401242], [0.391971, 0.401242], [0.395966, 0.400169], [0.398902, 0.39722], [0.399971, 0.393209], [0.399971, 0.36784036279009125], [0.400174, 0.3678404527770534], [0.400174, 0.39321], [0.400711, 0.39722], [0.402186, 0.400169], [0.404192, 0.401242], [0.420286, 0.401242], [0.422292, 0.400169], [0.423768, 0.39722], [0.424304, 0.39321], [0.424304, -0.393957], [0.423768, -0.397968], [0.422292, -0.400917], [0.420286, -0.40199], [0.404192, -0.40199], [0.402186, -0.400917], [0.400711, -0.397968], [0.400174, -0.393957], [0.400174, -0.36494051283762885], [0.399971, -0.3649449763191742], [0.399971, -0.393957], [0.398902, -0.397968], [0.395966, -0.400917], [0.391972, -0.40199], [-0.391976, -0.40199], [-0.39597, -0.400917], [-0.398906, -0.397968], [-0.399975, -0.393957], [-0.399975, -0.3685883002868318], [-0.400319, -0.36858845277705343], [-0.400319, -0.393957], [-0.400856, -0.397968], [-0.402331, -0.400917], [-0.404337, -0.40199], [-0.420431, -0.40199], [-0.422437, -0.400917], [-0.423913, -0.397968], [-0.424449, -0.393957], [-0.424449, 0.393209]], "forward": 0, "priors": []}], "relation": [[0, -2], [-2, 0]]}