{"117": [[0.08001840148104794, 0.0, 1.6399014894608241, 3.141592653589793], [0.08009811028925513, 0.0, 1.6399723654187357, 3.1415926535897927], [-0.02009268613604311, 0.0, 3.690037278065103, 3.141592653589793], [0.04008513396610916, 0.0, 2.9900374108998795, -3.141592653589793], [0.07994672227821167, 0.0, 3.749917972298429, -0.012541362726683936], [0.049928764548238205, 0.0, 3.09006915371636, -0.013118917250546591], [0.059899809562937195, 0.0, 2.0799769183249297, -3.1415926535897927], [-0.009912421889943696, -2.2351741790771484e-08, 1.6001788856825447, -3.1352601334714243], [-0.009912419423943233, 0.0, 2.1499573569460817, -3.141592653589793], [-0.020078267963030635, 0.0, 2.0500582361585473, 0.0], [0.08009563913072287, 0.0, 2.130028080384499, 3.141592653589793], [-0.030047149567894393, 0.0, 3.770087100947749, -3.1415926535897927], [0.029908744788824892, 0.0, 3.589965622504459, 3.1415926535897927]], "233": [[-1.1098953862755807, 0.0, -0.8099757577187087, 0.0], [1.119913107251646, 0.0, -0.8000467461623405, 0.0], [1.062597255376652, 0.0, -0.7999759692348585, 0.0], [-1.0500243691155817, 0.0, -0.8100981636821178, 0.0], [-1.0600530180302403, 0.0, -0.8100845853748988, 0.0], [-1.1099165147306853, 0.0, -0.8100620017177308, 0.0], [1.119901375477355, 0.0, -0.7999734508505175, 0.0], [1.018093657501687, 0.0, -0.8125150830187834, 0.0024778435098185003], [-1.029990279791145, 0.0, -0.7900969910326493, 0.0], [1.0200679731588318, 0.0, -0.800073004745995, 0.0], [-1.0700249648628513, 0.0, -0.799901565834862, 0.0], [-1.109922367889694, 0.0, -0.8100598331243449, -0.01238326853775984], [1.0600710303892236, 0.0, -0.8000708890283198, -0.01238326853775984], [-1.0599124757429133, 0.0, -0.7499474556521258, -6.283185307179586], [-1.0800493003170486, 0.0, -0.7499141515551393, 0.0], [-1.1300420621830876, 0.0, -0.7900921267459565, -0.016708346107195737], [1.00995130836269, 0.0, -0.8000932398496485, 0.0], [-1.009956597217563, 0.0, -0.8100883457653532, 0.0], [-1.0599109981937807, 0.0, -0.80995856742927, 0.0], [1.0700588617328965, 0.0, -0.7999159536126611, 0.0], [-1.0999066599823017, 0.0, -0.7999596117666314, 0.0], [1.0299601212956904, 0.0, -0.8000914626478012, 6.283185307179586], [-1.0699690815792045, 0.0, -0.7700956566566787, 6.283185307179586], [1.06000274813032, 0.0, -0.800095412911919, 0.0], [-1.069992661699125, 0.0, -0.8400999049570429, 0.0], [1.0500930083565148, 0.0, -0.8199687684211479, 0.0], [1.0699864336573388, -4.0978193283081055e-08, -0.7798996624897582, 0.0], [-1.0599197101853939, -4.0978193283081055e-08, -0.7799410632923338, 0.0], [-1.070068017487185, 0.0, -0.7599219100002962, 0.0], [1.0900863616718002, 0.0, -0.7799442892224385, 4.440892098500626e-16], [-1.0000837762173498, 3.725290298461914e-08, -0.7500600512723079, 0.0], [-1.0299388007045722, 0.0, -0.8100775746450483, -0.0], [1.0200297307579844, 0.0, -0.7999030543103443, 0.0], [-1.0200985728476142, 0.0, -0.7899796838338837, 0.0], [-1.0200089566408552, 0.0, -0.7899012773364398, 0.0], [-1.01004755653541, 0.0, -0.8000862767903126, 0.0], [1.0600029372514965, 0.04999999701976776, -0.7798989240514406, 0.0], [-1.0399097667427444, 0.0, -0.7999541153794321, 0.0], [1.059901183938455, 0.0, -0.7800210506380378, 0.0], [-1.0900685203958878, -4.0978193283081055e-08, -0.819934699245847, 0.0], [1.1100781388610013, -4.0978193283081055e-08, -0.8199321206139393, 0.0], [-1.0000241184743, 0.0, -0.7900941487522478, 0.0], [1.0200767656407137, 0.0, -0.7699358272143833, 0.0], [-1.0900535199136538, 0.0, -0.8400847216634495, 0.0], [1.050052297542753, 0.0, -0.8300802672781465, 0.0], [-1.06009034646438, 0.0, -0.78996362731119, 0.0], [1.030068671532984, 0.0, -0.8100764316607049, -4.440892098500626e-16], [-1.020038194018524, 0.0, -0.8099104144081175, -4.440892098500626e-16], [1.0534622413667016, 0.0, -0.8187142522056301, -6.283185307179586], [-1.0795205448476115, 0.0, -0.8363100742995334, 0.0], [1.0200967561509378, 0.0, -0.8000261929617554, 0.0], [-1.1300158208744224, 0.0, -0.7999004782232383, 0.0], [1.0300630673635442, -4.0978193283081055e-08, -0.799918825728342, 0.0], [1.0100735702074437, 0.0, -0.7899271209262946, 0.0], [1.0300108158428074, 0.0, -0.7899012540944598, 0.0], [-1.0000892234788064, 0.0, -0.7999540798813869, 0.0], [-1.039908378460717, 0.0, -0.7799646876450665, 0.0], [1.0500867222326982, 0.0, -0.7999507979786631, 0.0], [-1.0101010719167454, 0.0, -0.7399871275224641, 0.0], [1.0300596650372498, 0.0, -0.7599228082617628, 0.0], [1.049983770979115, 0.0, -0.8300968131201483, 0.0], [-1.0700295557048263, 0.0, -0.8100929961534908, 0.0], [-1.0299340585051486, 0.0, -0.7900771468799382, 0.0], [1.039944596756818, 0.0, -0.8099187403914749, 0.0], [-1.0300199040198372, 0.0, -0.7700989481845784, 4.440892098500626e-16], [-1.0850706589079313, 0.0, -0.8174312318766827, 0.0], [1.120020179368725, 0.0, -0.7599044195766915, 6.283185307179586], [1.050098826514748, 0.0, -0.7999901849551593, 0.0], [-0.9999383834349213, 0.0, -0.8099187969348803, 0.0], [1.059947571679225, 0.0, -0.7699100329724432, 0.0], [0.9999608182235353, 0.0, -0.759906317248558, 0.0], [-1.039973603298994, 0.0, -0.8100925907698889, -6.283185307179586], [1.039911941461285, 0.0, -0.7800511995401666, -6.283185307179586], [-1.0600329423854988, 0.0, -0.7700939884392894, 0.0], [-1.1102706635562278, 0.0, -0.8096202853852219, 0.00040815135373682427], [1.0400935716409399, 0.0, -0.8099599441734672, 0.0], [-1.0100787678305756, 0.0, -0.8000586373403361, 0.0], [-1.0660615875404622, 0.0, -0.7885177855294996, 0.0], [-1.0099048917255045, 0.0, -0.8000225502811374, -4.440892098500626e-16], [1.0300258758942882, 0.0, -0.8000943395939584, -4.440892098500626e-16], [1.0400730378971814, 0.0, -0.8299325608318708, 0.0], [-0.9900905429271494, 0.0, -0.7300454018883794, -6.283185307179586], [1.030094860493973, -4.0978193283081055e-08, -0.810004440855956, 0.0], [1.059901592764441, 0.0, -0.8000096734280284, 0.0], [1.0324064721914683, 0.0, -0.7699835671199023, 0.0], [-1.0900930410582717, -4.0978193283081055e-08, -0.7600321943733757, 0.0], [1.029919567479603, -4.0978193283081055e-08, -0.7799301131265077, 0.0], [-1.0099912598347218, 0.0, -0.8099019665306039, 0.0], [-1.059993901881409, 0.0, -0.8101010937906056, 0.0], [1.0300928088460564, 0.0, -0.8099582307308937, 0.0], [1.0199054014390052, 0.0, -0.7599748978257823, 0.0], [-1.0700168753796935, 0.0, -0.7601044640157661, 0.0], [1.0301005644293755, 0.0, -0.7900209603226757, 0.0], [-1.030092189133967, 0.0, -0.8000387533310895, 0.0], [1.0400336778556034, 0.0, -0.8200941756680286, 0.0], [-1.020018427621309, 0.0, -0.7900985138529836, 0.0], [1.0299138061402051, 0.0, -0.8099553654982677, 0.0], [1.0099023470910773, 0.0, -0.7899906102477063, 0.0], [-1.0799861592107158, 0.0, -0.830097310909498, 0.0], [-1.0199294364064606, 0.0, -0.8100717719189837, 0.0], [1.059942651875697, 0.0, -0.7999156592386525, -6.283185307179586], [1.009904847164184, 0.0, -0.769981145905175, 0.0], [1.0100474855364894, 0.0, -0.7900862268108214, 0.0], [-1.050055687608348, 0.0, -0.819914668550407, 0.0]]}