{
  "beech": [3.8, 3.8],
  "maple": [3.25, 3.25],
  "pine": [2, 2],
  "spruce": [2.7, 2.7],
  "sycamore": [5.7, 5.7],
  "LemonTree1_1": [0.4, 0.4],
  "LemonTree2": [0.65, 0.65],
  "LemonTree3": [2.4, 2.4],
  "LemonTree4": [2.3, 2.3],
  "treeacacia1": [3.3, 3.8],
  "newTree1": [0.3, 0.3],
  "newTree2": [0.45, 0.45],
  "newTree3": [0.45, 0.45],
  "newTree4": [0.5, 0.5],
  "newTreeSmall": [0.085, 0.07],
  "newTreeSmall2": [0.19, 0.28],
  "stonerock1": [4.3, 2.4],
  "stonerock2": [2.8, 1.8],
  "stonerock3": [2, 1.5],
  "stonerock4": [3.3, 2.4],
  "stonerock5": [2.4, 4.4],
  "stonerock6": [2.1, 3.8],
  "streetbench1": [1.1211003, 0.36984629999999996],
  "streetbench2": [1.0828574999999998, 0.4022478],
  "shrub01": [1.2, 1.2],
  "shrub02": [0.48, 0.48],
  "shrub03": [0.58, 0.58],
  "shrub04": [0.6, 0.6],
  "shrub05": [0.48, 0.48],
  "shrub06": [0.8, 0.8],
  "new_shrub01": [1, 1],
  "new_shrub02": [1.5, 0.7],
  "plants_leaves01": [1, 1],
  "plants_leaves02": [1, 1],
  "plants_leaves03": [1, 1],
  "plants_leaves04": [1, 1],
  "plants_leaves05": [1, 1],
  "flower_yellow": [0.72, 0.8],
  "flower_purple": [0.6, 0.5],
  "flower_red": [0.54, 0.54],
  "flower_pink": [0.72, 0.62],
  "flower_orange": [0.6, 0.6],
  "grass01": [1, 1],
  "grass02": [0.5, 0.5],
  "grass_withflower": [0.2, 0.2],
  "fence_white": [0.2, 1.8969276],
  "fence_single": [1.807746347, 0.2],
  "path01": [3, 5]
}
